ИМ,2014,FR,2844,,80796.82,0.01,0,73000 - УЛЬЯНОВСКАЯ ОБЛАСТЬ,04-ПРИВОЛЖСКИЙ ФЕДЕРАЛЬНЫЙ ОКРУГ
ИМ,2014,US,2844,,3424773.6,93.58,0,45000 - ГОРОД МОСКВА СТОЛИЦА РОССИЙСКОЙ ФЕДЕРАЦИИ ГОРОД ФЕДЕРАЛЬНОГО ЗНАЧЕНИЯ,01-ЦЕНТРАЛЬНЫЙ ФЕДЕРАЛЬНЫЙ ОКРУГ
ИМ,2014,HU,2844,,21554.22,10630,0,75000 - ЧЕЛЯБИНСКАЯ ОБЛАСТЬ,05-УРАЛЬСКИЙ ФЕДЕРАЛЬНЫЙ ОКРУГ
ИМ,2014,US,2844,,48086.54,3.6,0,40000 - ГОРОД САНКТ-ПЕТЕРБУРГ ГОРОД ФЕДЕРАЛЬНОГО ЗНАЧЕНИЯ,02-СЕВЕРО-ЗАПАДНЫЙ ФЕДЕРАЛЬНЫЙ ОКРУГ
ИМ,2013,HU,2844,,5128.47,526.42,0,75000 - ЧЕЛЯБИНСКАЯ ОБЛАСТЬ,05-УРАЛЬСКИЙ ФЕДЕРАЛЬНЫЙ ОКРУГ
ИМ,2015,TZ,2612,,9212.11,702,0,45000 - ГОРОД МОСКВА СТОЛИЦА РОССИЙСКОЙ ФЕДЕРАЦИИ ГОРОД ФЕДЕРАЛЬНОГО ЗНАЧЕНИЯ,01-ЦЕНТРАЛЬНЫЙ ФЕДЕРАЛЬНЫЙ ОКРУГ
ИМ,2016,CZ,2844,,43771.51,254,0,40000 - ГОРОД САНКТ-ПЕТЕРБУРГ ГОРОД ФЕДЕРАЛЬНОГО ЗНАЧЕНИЯ,02-СЕВЕРО-ЗАПАДНЫЙ ФЕДЕРАЛЬНЫЙ ОКРУГ
ИМ,2014,PL,2844,,36023.95,96.2,0,45000 - ГОРОД МОСКВА СТОЛИЦА РОССИЙСКОЙ ФЕДЕРАЦИИ ГОРОД ФЕДЕРАЛЬНОГО ЗНАЧЕНИЯ,01-ЦЕНТРАЛЬНЫЙ ФЕДЕРАЛЬНЫЙ ОКРУГ
ИМ,2015,FR,2844,,64137.45,467.05,0,45000 - ГОРОД МОСКВА СТОЛИЦА РОССИЙСКОЙ ФЕДЕРАЦИИ ГОРОД ФЕДЕРАЛЬНОГО ЗНАЧЕНИЯ,01-ЦЕНТРАЛЬНЫЙ ФЕДЕРАЛЬНЫЙ ОКРУГ
ИМ,2015,GB,2612,,3674.69,0.68,0,46000 - МОСКОВСКАЯ ОБЛАСТЬ,01-ЦЕНТРАЛЬНЫЙ ФЕДЕРАЛЬНЫЙ ОКРУГ
ИМ,2015,GB,2844,,3079.14,0.07,0,73000 - УЛЬЯНОВСКАЯ ОБЛАСТЬ,04-ПРИВОЛЖСКИЙ ФЕДЕРАЛЬНЫЙ ОКРУГ
ИМ,2015,US,2844,,940060.89,50.02,0,45000 - ГОРОД МОСКВА СТОЛИЦА РОССИЙСКОЙ ФЕДЕРАЦИИ ГОРОД ФЕДЕРАЛЬНОГО ЗНАЧЕНИЯ,01-ЦЕНТРАЛЬНЫЙ ФЕДЕРАЛЬНЫЙ ОКРУГ
ИМ,2015,CZ,2844,,126004.41,0.4,0,87000 - РЕСПУБЛИКА КОМИ,02-СЕВЕРО-ЗАПАДНЫЙ ФЕДЕРАЛЬНЫЙ ОКРУГ
ИМ,2014,US,2844,,665698.31,2,0,87000 - РЕСПУБЛИКА КОМИ,02-СЕВЕРО-ЗАПАДНЫЙ ФЕДЕРАЛЬНЫЙ ОКРУГ
ИМ,2013,US,2844,,125451299.57,4777853,0,65000 - СВЕРДЛОВСКАЯ ОБЛАСТЬ,05-УРАЛЬСКИЙ ФЕДЕРАЛЬНЫЙ ОКРУГ
ИМ,2013,UA,2844,,474727.2,195447,0,04000 - КРАСНОЯРСКИЙ КРАЙ,06-СИБИРСКИЙ ФЕДЕРАЛЬНЫЙ ОКРУГ
ИМ,2013,ZA,2844,,5500,0,0,40000 - ГОРОД САНКТ-ПЕТЕРБУРГ ГОРОД ФЕДЕРАЛЬНОГО ЗНАЧЕНИЯ,02-СЕВЕРО-ЗАПАДНЫЙ ФЕДЕРАЛЬНЫЙ ОКРУГ
ИМ,2015,DE,2844,,96762.07,57.3,0,40000 - ГОРОД САНКТ-ПЕТЕРБУРГ ГОРОД ФЕДЕРАЛЬНОГО ЗНАЧЕНИЯ,02-СЕВЕРО-ЗАПАДНЫЙ ФЕДЕРАЛЬНЫЙ ОКРУГ
ИМ,2016,BY,2844,,7452,84,0,04000 - КРАСНОЯРСКИЙ КРАЙ,06-СИБИРСКИЙ ФЕДЕРАЛЬНЫЙ ОКРУГ
ИМ,2014,DE,2844,,2247216.76,1471.35,0,45000 - ГОРОД МОСКВА СТОЛИЦА РОССИЙСКОЙ ФЕДЕРАЦИИ ГОРОД ФЕДЕРАЛЬНОГО ЗНАЧЕНИЯ,01-ЦЕНТРАЛЬНЫЙ ФЕДЕРАЛЬНЫЙ ОКРУГ
ИМ,2016,GB,2844,,14522728.69,232614.8,0,65000 - СВЕРДЛОВСКАЯ ОБЛАСТЬ,05-УРАЛЬСКИЙ ФЕДЕРАЛЬНЫЙ ОКРУГ
ИМ,2013,FR,2844,,42802.78,99.1,0,40000 - ГОРОД САНКТ-ПЕТЕРБУРГ ГОРОД ФЕДЕРАЛЬНОГО ЗНАЧЕНИЯ,02-СЕВЕРО-ЗАПАДНЫЙ ФЕДЕРАЛЬНЫЙ ОКРУГ
ИМ,2013,DE,2844,,636439.36,0.92,0,46000 - МОСКОВСКАЯ ОБЛАСТЬ,01-ЦЕНТРАЛЬНЫЙ ФЕДЕРАЛЬНЫЙ ОКРУГ
ИМ,2013,BY,2844,,8822.1,0.01,0,45000 - ГОРОД МОСКВА СТОЛИЦА РОССИЙСКОЙ ФЕДЕРАЦИИ ГОРОД ФЕДЕРАЛЬНОГО ЗНАЧЕНИЯ,01-ЦЕНТРАЛЬНЫЙ ФЕДЕРАЛЬНЫЙ ОКРУГ
ИМ,2015,NL,2844,,178676.32,2.7,0,45000 - ГОРОД МОСКВА СТОЛИЦА РОССИЙСКОЙ ФЕДЕРАЦИИ ГОРОД ФЕДЕРАЛЬНОГО ЗНАЧЕНИЯ,01-ЦЕНТРАЛЬНЫЙ ФЕДЕРАЛЬНЫЙ ОКРУГ
ИМ,2013,US,2844,,2463816.57,72,0,45000 - ГОРОД МОСКВА СТОЛИЦА РОССИЙСКОЙ ФЕДЕРАЦИИ ГОРОД ФЕДЕРАЛЬНОГО ЗНАЧЕНИЯ,01-ЦЕНТРАЛЬНЫЙ ФЕДЕРАЛЬНЫЙ ОКРУГ
ИМ,2013,CN,2844,,1600,0.08,0,45000 - ГОРОД МОСКВА СТОЛИЦА РОССИЙСКОЙ ФЕДЕРАЦИИ ГОРОД ФЕДЕРАЛЬНОГО ЗНАЧЕНИЯ,01-ЦЕНТРАЛЬНЫЙ ФЕДЕРАЛЬНЫЙ ОКРУГ
ИМ,2014,NO,2844,,2954.5,3.2,0,45000 - ГОРОД МОСКВА СТОЛИЦА РОССИЙСКОЙ ФЕДЕРАЦИИ ГОРОД ФЕДЕРАЛЬНОГО ЗНАЧЕНИЯ,01-ЦЕНТРАЛЬНЫЙ ФЕДЕРАЛЬНЫЙ ОКРУГ
ИМ,2015,KZ,2844,,60841.16,0.3,0,65000 - СВЕРДЛОВСКАЯ ОБЛАСТЬ,05-УРАЛЬСКИЙ ФЕДЕРАЛЬНЫЙ ОКРУГ
ИМ,2016,TZ,2612,,14870.93,889.7,0,45000 - ГОРОД МОСКВА СТОЛИЦА РОССИЙСКОЙ ФЕДЕРАЦИИ ГОРОД ФЕДЕРАЛЬНОГО ЗНАЧЕНИЯ,01-ЦЕНТРАЛЬНЫЙ ФЕДЕРАЛЬНЫЙ ОКРУГ
ИМ,2013,DE,2844,,2020514.74,737.92,0,45000 - ГОРОД МОСКВА СТОЛИЦА РОССИЙСКОЙ ФЕДЕРАЦИИ ГОРОД ФЕДЕРАЛЬНОГО ЗНАЧЕНИЯ,01-ЦЕНТРАЛЬНЫЙ ФЕДЕРАЛЬНЫЙ ОКРУГ
ИМ,2014,KZ,2844,,4780.45,0.1,0,65000 - СВЕРДЛОВСКАЯ ОБЛАСТЬ,05-УРАЛЬСКИЙ ФЕДЕРАЛЬНЫЙ ОКРУГ
ИМ,2013,UZ,2844,,105900,0.01,0,40000 - ГОРОД САНКТ-ПЕТЕРБУРГ ГОРОД ФЕДЕРАЛЬНОГО ЗНАЧЕНИЯ,02-СЕВЕРО-ЗАПАДНЫЙ ФЕДЕРАЛЬНЫЙ ОКРУГ
ИМ,2014,BY,2844,,10434.45,80,0,04000 - КРАСНОЯРСКИЙ КРАЙ,06-СИБИРСКИЙ ФЕДЕРАЛЬНЫЙ ОКРУГ
ИМ,2014,AU,2844,,3736.8,0,0,73000 - УЛЬЯНОВСКАЯ ОБЛАСТЬ,04-ПРИВОЛЖСКИЙ ФЕДЕРАЛЬНЫЙ ОКРУГ
ИМ,2016,NO,2844,,6720.03,5.2,0,45000 - ГОРОД МОСКВА СТОЛИЦА РОССИЙСКОЙ ФЕДЕРАЦИИ ГОРОД ФЕДЕРАЛЬНОГО ЗНАЧЕНИЯ,01-ЦЕНТРАЛЬНЫЙ ФЕДЕРАЛЬНЫЙ ОКРУГ
ИМ,2016,US,2844,,25443523.34,328976.8,0,65000 - СВЕРДЛОВСКАЯ ОБЛАСТЬ,05-УРАЛЬСКИЙ ФЕДЕРАЛЬНЫЙ ОКРУГ
ИМ,2014,NL,2844,,74211337.85,1167576.3,0,65000 - СВЕРДЛОВСКАЯ ОБЛАСТЬ,05-УРАЛЬСКИЙ ФЕДЕРАЛЬНЫЙ ОКРУГ
ИМ,2015,CA,2844,,50107.79,0.1,0,45000 - ГОРОД МОСКВА СТОЛИЦА РОССИЙСКОЙ ФЕДЕРАЦИИ ГОРОД ФЕДЕРАЛЬНОГО ЗНАЧЕНИЯ,01-ЦЕНТРАЛЬНЫЙ ФЕДЕРАЛЬНЫЙ ОКРУГ
ИМ,2016,NL,2844,,10721.7,0,0,46000 - МОСКОВСКАЯ ОБЛАСТЬ,01-ЦЕНТРАЛЬНЫЙ ФЕДЕРАЛЬНЫЙ ОКРУГ
ИМ,2015,BY,2844,,159862.06,1025.31,0,45000 - ГОРОД МОСКВА СТОЛИЦА РОССИЙСКОЙ ФЕДЕРАЦИИ ГОРОД ФЕДЕРАЛЬНОГО ЗНАЧЕНИЯ,01-ЦЕНТРАЛЬНЫЙ ФЕДЕРАЛЬНЫЙ ОКРУГ
ИМ,2015,UZ,2844,,116400,0.02,0,40000 - ГОРОД САНКТ-ПЕТЕРБУРГ ГОРОД ФЕДЕРАЛЬНОГО ЗНАЧЕНИЯ,02-СЕВЕРО-ЗАПАДНЫЙ ФЕДЕРАЛЬНЫЙ ОКРУГ
ИМ,2013,DE,2844,,5171.99,0.2,0,92000 - РЕСПУБЛИКА ТАТАРСТАН (ТАТАРСТАН),04-ПРИВОЛЖСКИЙ ФЕДЕРАЛЬНЫЙ ОКРУГ
ИМ,2014,UZ,2844,,105900,0.02,0,40000 - ГОРОД САНКТ-ПЕТЕРБУРГ ГОРОД ФЕДЕРАЛЬНОГО ЗНАЧЕНИЯ,02-СЕВЕРО-ЗАПАДНЫЙ ФЕДЕРАЛЬНЫЙ ОКРУГ
ИМ,2014,DE,2844,,11870.63,0.1,0,75000 - ЧЕЛЯБИНСКАЯ ОБЛАСТЬ,05-УРАЛЬСКИЙ ФЕДЕРАЛЬНЫЙ ОКРУГ
ИМ,2015,US,2844,,58000,0.41,0,56000 - ПЕНЗЕНСКАЯ ОБЛАСТЬ,04-ПРИВОЛЖСКИЙ ФЕДЕРАЛЬНЫЙ ОКРУГ
ИМ,2016,FR,2844,,8426.88,0,0,73000 - УЛЬЯНОВСКАЯ ОБЛАСТЬ,04-ПРИВОЛЖСКИЙ ФЕДЕРАЛЬНЫЙ ОКРУГ
ИМ,2013,NL,2844,,12754.71,0.06,0,46000 - МОСКОВСКАЯ ОБЛАСТЬ,01-ЦЕНТРАЛЬНЫЙ ФЕДЕРАЛЬНЫЙ ОКРУГ
ИМ,2014,FR,2844,,20103.41,3.3,0,40000 - ГОРОД САНКТ-ПЕТЕРБУРГ ГОРОД ФЕДЕРАЛЬНОГО ЗНАЧЕНИЯ,02-СЕВЕРО-ЗАПАДНЫЙ ФЕДЕРАЛЬНЫЙ ОКРУГ
ИМ,2013,US,2844,,912.92,1.33,0,50000 - НОВОСИБИРСКАЯ ОБЛАСТЬ,06-СИБИРСКИЙ ФЕДЕРАЛЬНЫЙ ОКРУГ
ИМ,2014,CZ,2844,,190443.3,817.2,0,40000 - ГОРОД САНКТ-ПЕТЕРБУРГ ГОРОД ФЕДЕРАЛЬНОГО ЗНАЧЕНИЯ,02-СЕВЕРО-ЗАПАДНЫЙ ФЕДЕРАЛЬНЫЙ ОКРУГ
ИМ,2014,ZA,2844,,11000,0,0,40000 - ГОРОД САНКТ-ПЕТЕРБУРГ ГОРОД ФЕДЕРАЛЬНОГО ЗНАЧЕНИЯ,02-СЕВЕРО-ЗАПАДНЫЙ ФЕДЕРАЛЬНЫЙ ОКРУГ
ИМ,2015,US,2844,,213107263.68,2668509.17,0,65000 - СВЕРДЛОВСКАЯ ОБЛАСТЬ,05-УРАЛЬСКИЙ ФЕДЕРАЛЬНЫЙ ОКРУГ
ИМ,2015,CZ,2844,,109599.79,597,0,40000 - ГОРОД САНКТ-ПЕТЕРБУРГ ГОРОД ФЕДЕРАЛЬНОГО ЗНАЧЕНИЯ,02-СЕВЕРО-ЗАПАДНЫЙ ФЕДЕРАЛЬНЫЙ ОКРУГ
ИМ,2016,DE,2844,,12495.98,2.4,0,75000 - ЧЕЛЯБИНСКАЯ ОБЛАСТЬ,05-УРАЛЬСКИЙ ФЕДЕРАЛЬНЫЙ ОКРУГ
ИМ,2016,AU,2844,,9110.93,0.01,0,73000 - УЛЬЯНОВСКАЯ ОБЛАСТЬ,04-ПРИВОЛЖСКИЙ ФЕДЕРАЛЬНЫЙ ОКРУГ
ИМ,2015,KZ,2844,,430580048.76,5589959.65,0,69000 - ТОМСКАЯ ОБЛАСТЬ,06-СИБИРСКИЙ ФЕДЕРАЛЬНЫЙ ОКРУГ
ИМ,2016,SK,2844,,2826.81,0.08,0,73000 - УЛЬЯНОВСКАЯ ОБЛАСТЬ,04-ПРИВОЛЖСКИЙ ФЕДЕРАЛЬНЫЙ ОКРУГ
ИМ,2014,US,2844,,453572.34,21.82,0,46000 - МОСКОВСКАЯ ОБЛАСТЬ,01-ЦЕНТРАЛЬНЫЙ ФЕДЕРАЛЬНЫЙ ОКРУГ
ИМ,2015,CZ,2844,,172064.88,3720,0,65000 - СВЕРДЛОВСКАЯ ОБЛАСТЬ,05-УРАЛЬСКИЙ ФЕДЕРАЛЬНЫЙ ОКРУГ
ИМ,2015,GB,2844,,393.51,0.06,0,45000 - ГОРОД МОСКВА СТОЛИЦА РОССИЙСКОЙ ФЕДЕРАЦИИ ГОРОД ФЕДЕРАЛЬНОГО ЗНАЧЕНИЯ,01-ЦЕНТРАЛЬНЫЙ ФЕДЕРАЛЬНЫЙ ОКРУГ
ИМ,2016,CZ,2844,,31501.98,0.1,0,87000 - РЕСПУБЛИКА КОМИ,02-СЕВЕРО-ЗАПАДНЫЙ ФЕДЕРАЛЬНЫЙ ОКРУГ
ИМ,2015,DE,2844,,776602.14,0.91,0,46000 - МОСКОВСКАЯ ОБЛАСТЬ,01-ЦЕНТРАЛЬНЫЙ ФЕДЕРАЛЬНЫЙ ОКРУГ
ИМ,2013,DE,2844,,12294.3,0.14,0,65000 - СВЕРДЛОВСКАЯ ОБЛАСТЬ,05-УРАЛЬСКИЙ ФЕДЕРАЛЬНЫЙ ОКРУГ
ИМ,2015,CZ,2844,,37066876.38,389566.6,0,94000 - УДМУРТСКАЯ РЕСПУБЛИКА,04-ПРИВОЛЖСКИЙ ФЕДЕРАЛЬНЫЙ ОКРУГ
ИМ,2014,FR,2844,,45458,185,0,45000 - ГОРОД МОСКВА СТОЛИЦА РОССИЙСКОЙ ФЕДЕРАЦИИ ГОРОД ФЕДЕРАЛЬНОГО ЗНАЧЕНИЯ,01-ЦЕНТРАЛЬНЫЙ ФЕДЕРАЛЬНЫЙ ОКРУГ
ИМ,2016,UZ,2844,,42300,0.01,0,40000 - ГОРОД САНКТ-ПЕТЕРБУРГ ГОРОД ФЕДЕРАЛЬНОГО ЗНАЧЕНИЯ,02-СЕВЕРО-ЗАПАДНЫЙ ФЕДЕРАЛЬНЫЙ ОКРУГ
ИМ,2013,AU,2844,,4675.54,0,0,73000 - УЛЬЯНОВСКАЯ ОБЛАСТЬ,04-ПРИВОЛЖСКИЙ ФЕДЕРАЛЬНЫЙ ОКРУГ
ИМ,2013,KZ,2844,,215722279.75,2592707.21,0,69000 - ТОМСКАЯ ОБЛАСТЬ,06-СИБИРСКИЙ ФЕДЕРАЛЬНЫЙ ОКРУГ
ИМ,2014,PL,2844,,4030,307.27,0,75000 - ЧЕЛЯБИНСКАЯ ОБЛАСТЬ,05-УРАЛЬСКИЙ ФЕДЕРАЛЬНЫЙ ОКРУГ
ИМ,2016,FR,2844,,8137.42,7.67,0,45000 - ГОРОД МОСКВА СТОЛИЦА РОССИЙСКОЙ ФЕДЕРАЦИИ ГОРОД ФЕДЕРАЛЬНОГО ЗНАЧЕНИЯ,01-ЦЕНТРАЛЬНЫЙ ФЕДЕРАЛЬНЫЙ ОКРУГ
ИМ,2016,US,2844,,114332.32,0.4,0,87000 - РЕСПУБЛИКА КОМИ,02-СЕВЕРО-ЗАПАДНЫЙ ФЕДЕРАЛЬНЫЙ ОКРУГ
ИМ,2014,KZ,2844,,3143187.95,19543.16,0,46000 - МОСКОВСКАЯ ОБЛАСТЬ,01-ЦЕНТРАЛЬНЫЙ ФЕДЕРАЛЬНЫЙ ОКРУГ
ИМ,2015,CA,2844,,135393.88,2061.83,0,65000 - СВЕРДЛОВСКАЯ ОБЛАСТЬ,05-УРАЛЬСКИЙ ФЕДЕРАЛЬНЫЙ ОКРУГ
ИМ,2015,DE,2844,,29392.33,2.02,0,75000 - ЧЕЛЯБИНСКАЯ ОБЛАСТЬ,05-УРАЛЬСКИЙ ФЕДЕРАЛЬНЫЙ ОКРУГ
ИМ,2016,DE,2844,,584854.19,236.03,0,45000 - ГОРОД МОСКВА СТОЛИЦА РОССИЙСКОЙ ФЕДЕРАЦИИ ГОРОД ФЕДЕРАЛЬНОГО ЗНАЧЕНИЯ,01-ЦЕНТРАЛЬНЫЙ ФЕДЕРАЛЬНЫЙ ОКРУГ
ИМ,2013,HU,2844,,247996,1292.66,0,45000 - ГОРОД МОСКВА СТОЛИЦА РОССИЙСКОЙ ФЕДЕРАЦИИ ГОРОД ФЕДЕРАЛЬНОГО ЗНАЧЕНИЯ,01-ЦЕНТРАЛЬНЫЙ ФЕДЕРАЛЬНЫЙ ОКРУГ
ИМ,2016,ZA,2844,,6500,0,0,40000 - ГОРОД САНКТ-ПЕТЕРБУРГ ГОРОД ФЕДЕРАЛЬНОГО ЗНАЧЕНИЯ,02-СЕВЕРО-ЗАПАДНЫЙ ФЕДЕРАЛЬНЫЙ ОКРУГ
ИМ,2014,HU,2844,,691121.34,1647.38,0,45000 - ГОРОД МОСКВА СТОЛИЦА РОССИЙСКОЙ ФЕДЕРАЦИИ ГОРОД ФЕДЕРАЛЬНОГО ЗНАЧЕНИЯ,01-ЦЕНТРАЛЬНЫЙ ФЕДЕРАЛЬНЫЙ ОКРУГ
ИМ,2013,UA,2844,,220435452.24,1530880.2,0,94000 - УДМУРТСКАЯ РЕСПУБЛИКА,04-ПРИВОЛЖСКИЙ ФЕДЕРАЛЬНЫЙ ОКРУГ
ИМ,2013,US,2612,,7943.01,30,0,46000 - МОСКОВСКАЯ ОБЛАСТЬ,01-ЦЕНТРАЛЬНЫЙ ФЕДЕРАЛЬНЫЙ ОКРУГ
ИМ,2014,CA,2844,,2041425.38,10.25,0,46000 - МОСКОВСКАЯ ОБЛАСТЬ,01-ЦЕНТРАЛЬНЫЙ ФЕДЕРАЛЬНЫЙ ОКРУГ
ИМ,2014,KZ,2844,,12.78,427.23,0,75000 - ЧЕЛЯБИНСКАЯ ОБЛАСТЬ,05-УРАЛЬСКИЙ ФЕДЕРАЛЬНЫЙ ОКРУГ
ИМ,2015,NE,2844,,38702046.51,595620.97,0,65000 - СВЕРДЛОВСКАЯ ОБЛАСТЬ,05-УРАЛЬСКИЙ ФЕДЕРАЛЬНЫЙ ОКРУГ
ИМ,2016,CA,2844,,482335.99,2.25,0,46000 - МОСКОВСКАЯ ОБЛАСТЬ,01-ЦЕНТРАЛЬНЫЙ ФЕДЕРАЛЬНЫЙ ОКРУГ
ИМ,2013,CA,2844,,2501695.93,14.25,0,46000 - МОСКОВСКАЯ ОБЛАСТЬ,01-ЦЕНТРАЛЬНЫЙ ФЕДЕРАЛЬНЫЙ ОКРУГ
ИМ,2016,DE,2844,,412020.34,0.7,0,46000 - МОСКОВСКАЯ ОБЛАСТЬ,01-ЦЕНТРАЛЬНЫЙ ФЕДЕРАЛЬНЫЙ ОКРУГ
ИМ,2016,NL,2844,,95387.2,1.4,0,45000 - ГОРОД МОСКВА СТОЛИЦА РОССИЙСКОЙ ФЕДЕРАЦИИ ГОРОД ФЕДЕРАЛЬНОГО ЗНАЧЕНИЯ,01-ЦЕНТРАЛЬНЫЙ ФЕДЕРАЛЬНЫЙ ОКРУГ
ИМ,2016,CN,2844,,12794.14,38.94,0,75000 - ЧЕЛЯБИНСКАЯ ОБЛАСТЬ,05-УРАЛЬСКИЙ ФЕДЕРАЛЬНЫЙ ОКРУГ
ИМ,2013,KZ,2844,,145979194.81,1758976.9,0,94000 - УДМУРТСКАЯ РЕСПУБЛИКА,04-ПРИВОЛЖСКИЙ ФЕДЕРАЛЬНЫЙ ОКРУГ
ИМ,2015,UA,2844,,42731.77,72420,0,75000 - ЧЕЛЯБИНСКАЯ ОБЛАСТЬ,05-УРАЛЬСКИЙ ФЕДЕРАЛЬНЫЙ ОКРУГ
ИМ,2015,US,2844,,136476.05,1.4,0,87000 - РЕСПУБЛИКА КОМИ,02-СЕВЕРО-ЗАПАДНЫЙ ФЕДЕРАЛЬНЫЙ ОКРУГ
ИМ,2016,CZ,2844,,7949.2,5.5,0,57000 - ПЕРМСКИЙ КРАЙ,04-ПРИВОЛЖСКИЙ ФЕДЕРАЛЬНЫЙ ОКРУГ
ИМ,2016,US,2844,,688928.88,2.01,0,46000 - МОСКОВСКАЯ ОБЛАСТЬ,01-ЦЕНТРАЛЬНЫЙ ФЕДЕРАЛЬНЫЙ ОКРУГ
ИМ,2016,PL,2844,,2564.38,0.01,0,45000 - ГОРОД МОСКВА СТОЛИЦА РОССИЙСКОЙ ФЕДЕРАЦИИ ГОРОД ФЕДЕРАЛЬНОГО ЗНАЧЕНИЯ,01-ЦЕНТРАЛЬНЫЙ ФЕДЕРАЛЬНЫЙ ОКРУГ
ИМ,2013,FR,2844,,400295.51,1702.06,0,45000 - ГОРОД МОСКВА СТОЛИЦА РОССИЙСКОЙ ФЕДЕРАЦИИ ГОРОД ФЕДЕРАЛЬНОГО ЗНАЧЕНИЯ,01-ЦЕНТРАЛЬНЫЙ ФЕДЕРАЛЬНЫЙ ОКРУГ
ИМ,2014,DE,2844,,143960.69,2.3,0,40000 - ГОРОД САНКТ-ПЕТЕРБУРГ ГОРОД ФЕДЕРАЛЬНОГО ЗНАЧЕНИЯ,02-СЕВЕРО-ЗАПАДНЫЙ ФЕДЕРАЛЬНЫЙ ОКРУГ
ИМ,2016,KZ,2844,,113516635.72,1732916.29,0,45000 - ГОРОД МОСКВА СТОЛИЦА РОССИЙСКОЙ ФЕДЕРАЦИИ ГОРОД ФЕДЕРАЛЬНОГО ЗНАЧЕНИЯ,01-ЦЕНТРАЛЬНЫЙ ФЕДЕРАЛЬНЫЙ ОКРУГ
ИМ,2013,CZ,2844,,156382.4,806.8,0,40000 - ГОРОД САНКТ-ПЕТЕРБУРГ ГОРОД ФЕДЕРАЛЬНОГО ЗНАЧЕНИЯ,02-СЕВЕРО-ЗАПАДНЫЙ ФЕДЕРАЛЬНЫЙ ОКРУГ
ИМ,2014,CZ,2844,,1316486.23,6379.5,0,45000 - ГОРОД МОСКВА СТОЛИЦА РОССИЙСКОЙ ФЕДЕРАЦИИ ГОРОД ФЕДЕРАЛЬНОГО ЗНАЧЕНИЯ,01-ЦЕНТРАЛЬНЫЙ ФЕДЕРАЛЬНЫЙ ОКРУГ
ИМ,2015,NO,2844,,19931.11,16.4,0,45000 - ГОРОД МОСКВА СТОЛИЦА РОССИЙСКОЙ ФЕДЕРАЦИИ ГОРОД ФЕДЕРАЛЬНОГО ЗНАЧЕНИЯ,01-ЦЕНТРАЛЬНЫЙ ФЕДЕРАЛЬНЫЙ ОКРУГ
ИМ,2013,VN,2844,,5438.64,107.4,0,75000 - ЧЕЛЯБИНСКАЯ ОБЛАСТЬ,05-УРАЛЬСКИЙ ФЕДЕРАЛЬНЫЙ ОКРУГ
ИМ,2015,BG,2844,,124252.84,51960,0,75000 - ЧЕЛЯБИНСКАЯ ОБЛАСТЬ,05-УРАЛЬСКИЙ ФЕДЕРАЛЬНЫЙ ОКРУГ
ИМ,2016,CA,2844,,46984608.51,646341,0,65000 - СВЕРДЛОВСКАЯ ОБЛАСТЬ,05-УРАЛЬСКИЙ ФЕДЕРАЛЬНЫЙ ОКРУГ
ИМ,2013,BG,2844,,359892.98,155405,0,75000 - ЧЕЛЯБИНСКАЯ ОБЛАСТЬ,05-УРАЛЬСКИЙ ФЕДЕРАЛЬНЫЙ ОКРУГ
ИМ,2013,US,2844,,32406,25,0,40000 - ГОРОД САНКТ-ПЕТЕРБУРГ ГОРОД ФЕДЕРАЛЬНОГО ЗНАЧЕНИЯ,02-СЕВЕРО-ЗАПАДНЫЙ ФЕДЕРАЛЬНЫЙ ОКРУГ
ИМ,2016,DE,2844,,91984.51,13.7,0,40000 - ГОРОД САНКТ-ПЕТЕРБУРГ ГОРОД ФЕДЕРАЛЬНОГО ЗНАЧЕНИЯ,02-СЕВЕРО-ЗАПАДНЫЙ ФЕДЕРАЛЬНЫЙ ОКРУГ
ИМ,2013,NE,2844,,15501803.02,224256,0,65000 - СВЕРДЛОВСКАЯ ОБЛАСТЬ,05-УРАЛЬСКИЙ ФЕДЕРАЛЬНЫЙ ОКРУГ
ИМ,2015,HU,2844,,1330001.9,1171.54,0,45000 - ГОРОД МОСКВА СТОЛИЦА РОССИЙСКОЙ ФЕДЕРАЦИИ ГОРОД ФЕДЕРАЛЬНОГО ЗНАЧЕНИЯ,01-ЦЕНТРАЛЬНЫЙ ФЕДЕРАЛЬНЫЙ ОКРУГ
ИМ,2016,US,2844,,20471.95,63.5,0,40000 - ГОРОД САНКТ-ПЕТЕРБУРГ ГОРОД ФЕДЕРАЛЬНОГО ЗНАЧЕНИЯ,02-СЕВЕРО-ЗАПАДНЫЙ ФЕДЕРАЛЬНЫЙ ОКРУГ
ИМ,2016,CZ,2844,,266561.1,1363.3,0,45000 - ГОРОД МОСКВА СТОЛИЦА РОССИЙСКОЙ ФЕДЕРАЦИИ ГОРОД ФЕДЕРАЛЬНОГО ЗНАЧЕНИЯ,01-ЦЕНТРАЛЬНЫЙ ФЕДЕРАЛЬНЫЙ ОКРУГ
ИМ,2013,CZ,2844,,5920.95,391.21,0,75000 - ЧЕЛЯБИНСКАЯ ОБЛАСТЬ,05-УРАЛЬСКИЙ ФЕДЕРАЛЬНЫЙ ОКРУГ
ИМ,2013,IL,2844,,80.6,0,0,45000 - ГОРОД МОСКВА СТОЛИЦА РОССИЙСКОЙ ФЕДЕРАЦИИ ГОРОД ФЕДЕРАЛЬНОГО ЗНАЧЕНИЯ,01-ЦЕНТРАЛЬНЫЙ ФЕДЕРАЛЬНЫЙ ОКРУГ
ИМ,2013,FI,2844,,817.98,1.19,0,45000 - ГОРОД МОСКВА СТОЛИЦА РОССИЙСКОЙ ФЕДЕРАЦИИ ГОРОД ФЕДЕРАЛЬНОГО ЗНАЧЕНИЯ,01-ЦЕНТРАЛЬНЫЙ ФЕДЕРАЛЬНЫЙ ОКРУГ
ИМ,2015,DE,2844,,1332115.68,515.69,0,45000 - ГОРОД МОСКВА СТОЛИЦА РОССИЙСКОЙ ФЕДЕРАЦИИ ГОРОД ФЕДЕРАЛЬНОГО ЗНАЧЕНИЯ,01-ЦЕНТРАЛЬНЫЙ ФЕДЕРАЛЬНЫЙ ОКРУГ
ИМ,2015,GB,2844,,2812212.96,43268.22,0,65000 - СВЕРДЛОВСКАЯ ОБЛАСТЬ,05-УРАЛЬСКИЙ ФЕДЕРАЛЬНЫЙ ОКРУГ
ИМ,2015,CZ,2844,,16000,0,0,86000 - РЕСПУБЛИКА КАРЕЛИЯ,02-СЕВЕРО-ЗАПАДНЫЙ ФЕДЕРАЛЬНЫЙ ОКРУГ
ИМ,2013,KZ,2844,,917.54,0.48,0,65000 - СВЕРДЛОВСКАЯ ОБЛАСТЬ,05-УРАЛЬСКИЙ ФЕДЕРАЛЬНЫЙ ОКРУГ
ИМ,2013,CZ,2844,,539482.62,11160,0,65000 - СВЕРДЛОВСКАЯ ОБЛАСТЬ,05-УРАЛЬСКИЙ ФЕДЕРАЛЬНЫЙ ОКРУГ
ИМ,2014,UA,2844,,259504302.48,1720449.9,0,94000 - УДМУРТСКАЯ РЕСПУБЛИКА,04-ПРИВОЛЖСКИЙ ФЕДЕРАЛЬНЫЙ ОКРУГ
ИМ,2014,NL,2844,,12723.36,0,0,46000 - МОСКОВСКАЯ ОБЛАСТЬ,01-ЦЕНТРАЛЬНЫЙ ФЕДЕРАЛЬНЫЙ ОКРУГ
ИМ,2013,IT,2844,,7485,0.84,0,40000 - ГОРОД САНКТ-ПЕТЕРБУРГ ГОРОД ФЕДЕРАЛЬНОГО ЗНАЧЕНИЯ,02-СЕВЕРО-ЗАПАДНЫЙ ФЕДЕРАЛЬНЫЙ ОКРУГ
ИМ,2014,LY,2844,,26745,0.1,0,65000 - СВЕРДЛОВСКАЯ ОБЛАСТЬ,05-УРАЛЬСКИЙ ФЕДЕРАЛЬНЫЙ ОКРУГ
ИМ,2013,NL,2844,,150039.57,2.9,0,45000 - ГОРОД МОСКВА СТОЛИЦА РОССИЙСКОЙ ФЕДЕРАЦИИ ГОРОД ФЕДЕРАЛЬНОГО ЗНАЧЕНИЯ,01-ЦЕНТРАЛЬНЫЙ ФЕДЕРАЛЬНЫЙ ОКРУГ
ИМ,2013,BY,2844,,15205,107.5,0,04000 - КРАСНОЯРСКИЙ КРАЙ,06-СИБИРСКИЙ ФЕДЕРАЛЬНЫЙ ОКРУГ
ИМ,2013,GB,2844,,262.83,0.03,0,45000 - ГОРОД МОСКВА СТОЛИЦА РОССИЙСКОЙ ФЕДЕРАЦИИ ГОРОД ФЕДЕРАЛЬНОГО ЗНАЧЕНИЯ,01-ЦЕНТРАЛЬНЫЙ ФЕДЕРАЛЬНЫЙ ОКРУГ
ИМ,2015,PL,2844,,34491.57,0.34,0,45000 - ГОРОД МОСКВА СТОЛИЦА РОССИЙСКОЙ ФЕДЕРАЦИИ ГОРОД ФЕДЕРАЛЬНОГО ЗНАЧЕНИЯ,01-ЦЕНТРАЛЬНЫЙ ФЕДЕРАЛЬНЫЙ ОКРУГ
ИМ,2014,CZ,2844,,25570239.09,224108.7,0,94000 - УДМУРТСКАЯ РЕСПУБЛИКА,04-ПРИВОЛЖСКИЙ ФЕДЕРАЛЬНЫЙ ОКРУГ
ИМ,2014,IL,2844,,77.66,0,0,45000 - ГОРОД МОСКВА СТОЛИЦА РОССИЙСКОЙ ФЕДЕРАЦИИ ГОРОД ФЕДЕРАЛЬНОГО ЗНАЧЕНИЯ,01-ЦЕНТРАЛЬНЫЙ ФЕДЕРАЛЬНЫЙ ОКРУГ
ИМ,2015,US,2844,,1239054.37,5.55,0,46000 - МОСКОВСКАЯ ОБЛАСТЬ,01-ЦЕНТРАЛЬНЫЙ ФЕДЕРАЛЬНЫЙ ОКРУГ
ИМ,2014,KZ,2844,,164811269.27,2231527.03,0,94000 - УДМУРТСКАЯ РЕСПУБЛИКА,04-ПРИВОЛЖСКИЙ ФЕДЕРАЛЬНЫЙ ОКРУГ
ИМ,2015,KZ,2844,,55356245.39,708887.3,0,94000 - УДМУРТСКАЯ РЕСПУБЛИКА,04-ПРИВОЛЖСКИЙ ФЕДЕРАЛЬНЫЙ ОКРУГ
ИМ,2013,US,2844,,204769.51,92.05,0,46000 - МОСКОВСКАЯ ОБЛАСТЬ,01-ЦЕНТРАЛЬНЫЙ ФЕДЕРАЛЬНЫЙ ОКРУГ
ИМ,2013,SE,2844,,8892,30.95,0,45000 - ГОРОД МОСКВА СТОЛИЦА РОССИЙСКОЙ ФЕДЕРАЦИИ ГОРОД ФЕДЕРАЛЬНОГО ЗНАЧЕНИЯ,01-ЦЕНТРАЛЬНЫЙ ФЕДЕРАЛЬНЫЙ ОКРУГ
ИМ,2013,CZ,2844,,30410662.02,252238.9,0,94000 - УДМУРТСКАЯ РЕСПУБЛИКА,04-ПРИВОЛЖСКИЙ ФЕДЕРАЛЬНЫЙ ОКРУГ
ИМ,2016,BY,2844,,50213,453.72,0,45000 - ГОРОД МОСКВА СТОЛИЦА РОССИЙСКОЙ ФЕДЕРАЦИИ ГОРОД ФЕДЕРАЛЬНОГО ЗНАЧЕНИЯ,01-ЦЕНТРАЛЬНЫЙ ФЕДЕРАЛЬНЫЙ ОКРУГ
ИМ,2015,NL,2844,,8840833.7,136161.11,0,65000 - СВЕРДЛОВСКАЯ ОБЛАСТЬ,05-УРАЛЬСКИЙ ФЕДЕРАЛЬНЫЙ ОКРУГ
ИМ,2014,UA,2844,,368703.08,197346,0,04000 - КРАСНОЯРСКИЙ КРАЙ,06-СИБИРСКИЙ ФЕДЕРАЛЬНЫЙ ОКРУГ
ИМ,2015,UA,2844,,185373054.28,1228522.1,0,94000 - УДМУРТСКАЯ РЕСПУБЛИКА,04-ПРИВОЛЖСКИЙ ФЕДЕРАЛЬНЫЙ ОКРУГ
ИМ,2016,HU,2844,,674157.8,128.75,0,45000 - ГОРОД МОСКВА СТОЛИЦА РОССИЙСКОЙ ФЕДЕРАЦИИ ГОРОД ФЕДЕРАЛЬНОГО ЗНАЧЕНИЯ,01-ЦЕНТРАЛЬНЫЙ ФЕДЕРАЛЬНЫЙ ОКРУГ
ИМ,2015,PL,2844,,6216.46,128,0,65000 - СВЕРДЛОВСКАЯ ОБЛАСТЬ,05-УРАЛЬСКИЙ ФЕДЕРАЛЬНЫЙ ОКРУГ
ИМ,2016,CA,2844,,760792.04,2,0,45000 - ГОРОД МОСКВА СТОЛИЦА РОССИЙСКОЙ ФЕДЕРАЦИИ ГОРОД ФЕДЕРАЛЬНОГО ЗНАЧЕНИЯ,01-ЦЕНТРАЛЬНЫЙ ФЕДЕРАЛЬНЫЙ ОКРУГ
ИМ,2015,FR,2844,,39736.58,0.06,0,73000 - УЛЬЯНОВСКАЯ ОБЛАСТЬ,04-ПРИВОЛЖСКИЙ ФЕДЕРАЛЬНЫЙ ОКРУГ
ИМ,2013,CZ,2844,,1433946.02,6991.48,0,45000 - ГОРОД МОСКВА СТОЛИЦА РОССИЙСКОЙ ФЕДЕРАЦИИ ГОРОД ФЕДЕРАЛЬНОГО ЗНАЧЕНИЯ,01-ЦЕНТРАЛЬНЫЙ ФЕДЕРАЛЬНЫЙ ОКРУГ
ИМ,2014,KZ,2844,,245620207.7,3409035.29,0,69000 - ТОМСКАЯ ОБЛАСТЬ,06-СИБИРСКИЙ ФЕДЕРАЛЬНЫЙ ОКРУГ
ИМ,2013,DE,2844,,70697.16,1.6,0,40000 - ГОРОД САНКТ-ПЕТЕРБУРГ ГОРОД ФЕДЕРАЛЬНОГО ЗНАЧЕНИЯ,02-СЕВЕРО-ЗАПАДНЫЙ ФЕДЕРАЛЬНЫЙ ОКРУГ
ИМ,2015,AU,2844,,10590,0,0,73000 - УЛЬЯНОВСКАЯ ОБЛАСТЬ,04-ПРИВОЛЖСКИЙ ФЕДЕРАЛЬНЫЙ ОКРУГ
ИМ,2014,CZ,2844,,387155.96,7440.1,0,65000 - СВЕРДЛОВСКАЯ ОБЛАСТЬ,05-УРАЛЬСКИЙ ФЕДЕРАЛЬНЫЙ ОКРУГ
ИМ,2016,KZ,2844,,474980.77,7096.66,0,46000 - МОСКОВСКАЯ ОБЛАСТЬ,01-ЦЕНТРАЛЬНЫЙ ФЕДЕРАЛЬНЫЙ ОКРУГ
ИМ,2015,BY,2844,,16692,174,0,04000 - КРАСНОЯРСКИЙ КРАЙ,06-СИБИРСКИЙ ФЕДЕРАЛЬНЫЙ ОКРУГ
ИМ,2014,SE,2844,,4218,6.95,0,45000 - ГОРОД МОСКВА СТОЛИЦА РОССИЙСКОЙ ФЕДЕРАЦИИ ГОРОД ФЕДЕРАЛЬНОГО ЗНАЧЕНИЯ,01-ЦЕНТРАЛЬНЫЙ ФЕДЕРАЛЬНЫЙ ОКРУГ
ИМ,2015,CZ,2844,,663798.76,4505.37,0,45000 - ГОРОД МОСКВА СТОЛИЦА РОССИЙСКОЙ ФЕДЕРАЦИИ ГОРОД ФЕДЕРАЛЬНОГО ЗНАЧЕНИЯ,01-ЦЕНТРАЛЬНЫЙ ФЕДЕРАЛЬНЫЙ ОКРУГ
ИМ,2013,FR,2612,,6457.69,2.4,0,45000 - ГОРОД МОСКВА СТОЛИЦА РОССИЙСКОЙ ФЕДЕРАЦИИ ГОРОД ФЕДЕРАЛЬНОГО ЗНАЧЕНИЯ,01-ЦЕНТРАЛЬНЫЙ ФЕДЕРАЛЬНЫЙ ОКРУГ
ИМ,2013,JP,2844,,62.72,0,0,65000 - СВЕРДЛОВСКАЯ ОБЛАСТЬ,05-УРАЛЬСКИЙ ФЕДЕРАЛЬНЫЙ ОКРУГ
ИМ,2014,DE,2844,,670525.28,0.94,0,46000 - МОСКОВСКАЯ ОБЛАСТЬ,01-ЦЕНТРАЛЬНЫЙ ФЕДЕРАЛЬНЫЙ ОКРУГ
ИМ,2015,UA,2844,,237508.36,162998,0,04000 - КРАСНОЯРСКИЙ КРАЙ,06-СИБИРСКИЙ ФЕДЕРАЛЬНЫЙ ОКРУГ
ИМ,2016,US,2844,,27362.04,7,0,45000 - ГОРОД МОСКВА СТОЛИЦА РОССИЙСКОЙ ФЕДЕРАЦИИ ГОРОД ФЕДЕРАЛЬНОГО ЗНАЧЕНИЯ,01-ЦЕНТРАЛЬНЫЙ ФЕДЕРАЛЬНЫЙ ОКРУГ
ИМ,2016,UA,2844,,28000000,229066.5,0,69000 - ТОМСКАЯ ОБЛАСТЬ,06-СИБИРСКИЙ ФЕДЕРАЛЬНЫЙ ОКРУГ
ИМ,2015,ZA,2844,,6500,0,0,40000 - ГОРОД САНКТ-ПЕТЕРБУРГ ГОРОД ФЕДЕРАЛЬНОГО ЗНАЧЕНИЯ,02-СЕВЕРО-ЗАПАДНЫЙ ФЕДЕРАЛЬНЫЙ ОКРУГ
ИМ,2016,IL,2844,,22.74,0,0,45000 - ГОРОД МОСКВА СТОЛИЦА РОССИЙСКОЙ ФЕДЕРАЦИИ ГОРОД ФЕДЕРАЛЬНОГО ЗНАЧЕНИЯ,01-ЦЕНТРАЛЬНЫЙ ФЕДЕРАЛЬНЫЙ ОКРУГ
ИМ,2014,CN,2844,,4670.65,20.29,0,75000 - ЧЕЛЯБИНСКАЯ ОБЛАСТЬ,05-УРАЛЬСКИЙ ФЕДЕРАЛЬНЫЙ ОКРУГ
ИМ,2015,NL,2844,,10239.09,0,0,46000 - МОСКОВСКАЯ ОБЛАСТЬ,01-ЦЕНТРАЛЬНЫЙ ФЕДЕРАЛЬНЫЙ ОКРУГ
ИМ,2016,GB,2844,,37803.97,6297,0,75000 - ЧЕЛЯБИНСКАЯ ОБЛАСТЬ,05-УРАЛЬСКИЙ ФЕДЕРАЛЬНЫЙ ОКРУГ
ИМ,2013,DE,2844,,22941.43,0.9,0,75000 - ЧЕЛЯБИНСКАЯ ОБЛАСТЬ,05-УРАЛЬСКИЙ ФЕДЕРАЛЬНЫЙ ОКРУГ
ИМ,2015,CA,2844,,1552419.2,8,0,46000 - МОСКОВСКАЯ ОБЛАСТЬ,01-ЦЕНТРАЛЬНЫЙ ФЕДЕРАЛЬНЫЙ ОКРУГ
ИМ,2014,NL,2844,,140071.64,2.7,0,45000 - ГОРОД МОСКВА СТОЛИЦА РОССИЙСКОЙ ФЕДЕРАЦИИ ГОРОД ФЕДЕРАЛЬНОГО ЗНАЧЕНИЯ,01-ЦЕНТРАЛЬНЫЙ ФЕДЕРАЛЬНЫЙ ОКРУГ
ИМ,2013,FR,2844,,20767145.92,299057.2,0,65000 - СВЕРДЛОВСКАЯ ОБЛАСТЬ,05-УРАЛЬСКИЙ ФЕДЕРАЛЬНЫЙ ОКРУГ
ИМ,2015,IL,2844,,43.55,0,0,45000 - ГОРОД МОСКВА СТОЛИЦА РОССИЙСКОЙ ФЕДЕРАЦИИ ГОРОД ФЕДЕРАЛЬНОГО ЗНАЧЕНИЯ,01-ЦЕНТРАЛЬНЫЙ ФЕДЕРАЛЬНЫЙ ОКРУГ
ИМ,2014,FR,2612,,12058.89,3.2,0,45000 - ГОРОД МОСКВА СТОЛИЦА РОССИЙСКОЙ ФЕДЕРАЦИИ ГОРОД ФЕДЕРАЛЬНОГО ЗНАЧЕНИЯ,01-ЦЕНТРАЛЬНЫЙ ФЕДЕРАЛЬНЫЙ ОКРУГ
